generation,evals,best_fitness,mean_fitness,params
1,100,2.381098e+02,2.381098e+02,"[0.37367301440636197, 0.18557052557463957, -0.0792914668252033, 0.06331065057335294, 0.26538137215511515, 0.2686367100203415, 0.0991006278077006, -0.20556991574148054]"
